Name,Age
Maria Davis,80
Kevin Rice,100
Michelle Travis,91
Nathaniel Williams,64
Brandy Griffin,61
Sean Thompson,51
Sarah Parker,97
Tammy Crosby,67
Kristina Williams,79
James Nicholson,68
Jeremy Chavez,76
Alexis Morgan,64
Ashley Curtis,57
Charles Erickson,97
Michael Reeves,78
Angela Gonzales,70
Wayne Madden,82
Thomas Arnold,93
Christina Ferrell,80
Jeffrey Powell,60
Erica Gomez,81
Ruben Zuniga,66
Andrew Frost,59
Daniel Montgomery,81
Sarah Nelson,60
Robert Macias,63
Christina Gonzalez,74
Shane Young,55
Patrick Thompson,79
Angela Fowler,81
Brent Stout,52
Dorothy Smith,58
Heather Ramos,58
Jodi Winters,61
Jenna Pittman,69
Cynthia Neal,95
Nichole Brown,77
Erica Howard,92
Krystal Bowers,86
Kimberly Esparza,86
Matthew Dunn,71
William Morris,66
Tina Roberts,53
Antonio Wolfe,59
Derek Cruz,69
Patricia Compton,51
Amanda Heath,74
Brittany Bennett,53
Sandra Carter,93
Melissa Meadows,56
Katherine Decker,87
Michael Walters,86
Steven Jones,62
Susan Ramirez,60
Kaitlyn Rich,62
Kathryn Collins,92
Carl Garza,51
Kayla Brown,57
Stanley Wilkins,95
Kimberly Schwartz,50
April Henderson,89
Brett Wilson,51
Danielle Shaw,66
Charlene Moreno,66
Sherry Martin,80
Robert Mccall,89
Kevin Powell,52
Jaclyn Stone,56
David Bauer,93
Riley Watson,94
Wendy Jacobs,87
Kathryn Ingram,62
David Miller,100
Andrew Pena,58
Dustin Johnson,52
Shane Gay,66
Ronald Lane,60
Kelly Thomas,58
Thomas Lam,76
Kathryn Byrd,68
Alex Freeman,88
Dean Bryan,62
Ashley Leach,85
Ryan Luna,51
Andrew Young,95
Nicholas Webb,67
Andrew Richards,70
Karen Wilson,71
Seth Reese,51
Brian Johnson,80
Catherine Gutierrez,55
William Farmer,94
Matthew Sanchez,66
Richard Cain,61
Brittany Gray,58
Amber Vincent,54
Brenda Mcmahon,62
Cameron Mcconnell,77
Alexander Walters,100
Patricia Juarez,52
Alicia Jones,88
Holly Martin,55
Jonathan Washington,68
Roger Garrett,66
Timothy Peterson,100
Dylan Ellis,62
